<?xml version="1.0" encoding="utf-8"?>
<databaseChangeLog
    xmlns="http://www.liquibase.org/xml/ns/dbchangelog"
    xmlns:ext="http://www.liquibase.org/xml/ns/dbchangelog-ext"
    xmlns:xsi="http://www.w3.org/2001/XMLSchema-instance"
    xsi:schemaLocation="http://www.liquibase.org/xml/ns/dbchangelog http://www.liquibase.org/xml/ns/dbchangelog/dbchangelog-3.4.xsd
                        http://www.liquibase.org/xml/ns/dbchangelog-ext http://www.liquibase.org/xml/ns/dbchangelog/dbchangelog-ext.xsd">

    <property name="now" value="now()" dbms="h2"/>

    <property name="now" value="GETDATE()" dbms="mssql"/>

    <property name="floatType" value="float4" dbms="postgresql, h2"/>
    <property name="floatType" value="float" dbms="mysql, oracle, mssql"/>

    <!--
        Added the entity DataQualityCheckIssue.
    -->
    <changeSet id="20170415022659-1" author="jhipster">
        <createTable tableName="data_quality_check_issue">
            <column name="id" type="bigint" autoIncrement="${autoIncrement}">
                <constraints primaryKey="true" nullable="false"/>
            </column>
            <column name="records" type="integer">
                <constraints nullable="false" />
            </column>

            <column name="issues" type="integer">
                <constraints nullable="false" />
            </column>

            <column name="initial_status" type="varchar(255)">
                <constraints nullable="false" />
            </column>

            <column name="root_cause_code" type="varchar(255)">
                <constraints nullable="true" />
            </column>

            <column name="root_cause" type="varchar(255)">
                <constraints nullable="true" />
            </column>

            <column name="resolution" type="varchar(255)">
                <constraints nullable="true" />
            </column>

            <column name="final_status" type="varchar(255)">
                <constraints nullable="true" />
            </column>

            <column name="updated_date" type="timestamp">
                <constraints nullable="true" />
            </column>

            <column name="batch_report_id" type="bigint">
                <constraints nullable="true" />
            </column>

            <!-- jhipster-needle-liquibase-add-column - JHipster will add columns here, do not remove-->
        </createTable>
        <dropDefaultValue tableName="data_quality_check_issue" columnName="updated_date" columnDataType="datetime"/>
        
    </changeSet>
</databaseChangeLog>
