<?xml version="1.0" encoding="utf-8"?>
<databaseChangeLog
    xmlns="http://www.liquibase.org/xml/ns/dbchangelog"
    xmlns:ext="http://www.liquibase.org/xml/ns/dbchangelog-ext"
    xmlns:xsi="http://www.w3.org/2001/XMLSchema-instance"
    xsi:schemaLocation="http://www.liquibase.org/xml/ns/dbchangelog http://www.liquibase.org/xml/ns/dbchangelog/dbchangelog-3.4.xsd
                        http://www.liquibase.org/xml/ns/dbchangelog-ext http://www.liquibase.org/xml/ns/dbchangelog/dbchangelog-ext.xsd">

    <property name="now" value="now()" dbms="h2"/>

    <property name="now" value="GETDATE()" dbms="mssql"/>

    <property name="floatType" value="float4" dbms="postgresql, h2"/>
    <property name="floatType" value="float" dbms="mysql, oracle, mssql"/>

    <!--
        Added the entity SoftwareRelease.
    -->
    <changeSet id="20170415022652-1" author="jhipster">
        <createTable tableName="software_release">
            <column name="id" type="bigint" autoIncrement="${autoIncrement}">
                <constraints primaryKey="true" nullable="false"/>
            </column>
            <column name="jhi_type" type="varchar(255)">
                <constraints nullable="false" />
            </column>

            <column name="release_date" type="date">
                <constraints nullable="false" />
            </column>

            <column name="sprint" type="varchar(255)">
                <constraints nullable="true" />
            </column>

            <column name="version" type="varchar(255)">
                <constraints nullable="true" />
            </column>

            <column name="new_features" type="varchar(255)">
                <constraints nullable="true" />
            </column>

            <column name="enhancements" type="varchar(255)">
                <constraints nullable="true" />
            </column>

            <column name="bug_fixes" type="varchar(255)">
                <constraints nullable="true" />
            </column>

            <column name="known_issues" type="varchar(255)">
                <constraints nullable="true" />
            </column>

            <column name="release_state" type="varchar(255)">
                <constraints nullable="false" />
            </column>

            <column name="planned_release_date" type="date">
                <constraints nullable="false" />
            </column>

            <column name="summary" type="varchar(255)">
                <constraints nullable="true" />
            </column>

            <column name="updated_date" type="timestamp">
                <constraints nullable="true" />
            </column>

            <column name="software_id" type="bigint">
                <constraints nullable="true" />
            </column>

            <!-- jhipster-needle-liquibase-add-column - JHipster will add columns here, do not remove-->
        </createTable>
        <dropDefaultValue tableName="software_release" columnName="updated_date" columnDataType="datetime"/>
        
    </changeSet>
</databaseChangeLog>
