<?xml version="1.0" encoding="utf-8"?>
<databaseChangeLog
    xmlns="http://www.liquibase.org/xml/ns/dbchangelog"
    xmlns:ext="http://www.liquibase.org/xml/ns/dbchangelog-ext"
    xmlns:xsi="http://www.w3.org/2001/XMLSchema-instance"
    xsi:schemaLocation="http://www.liquibase.org/xml/ns/dbchangelog http://www.liquibase.org/xml/ns/dbchangelog/dbchangelog-3.4.xsd
                        http://www.liquibase.org/xml/ns/dbchangelog-ext http://www.liquibase.org/xml/ns/dbchangelog/dbchangelog-ext.xsd">

    <property name="now" value="now()" dbms="h2"/>

    <property name="now" value="GETDATE()" dbms="mssql"/>

    <property name="floatType" value="float4" dbms="postgresql, h2"/>
    <property name="floatType" value="float" dbms="mysql, oracle, mssql"/>

    <!--
        Added the entity BatchReportHistory.
    -->
    <changeSet id="20170415022657-1" author="jhipster">
        <createTable tableName="batch_report_history">
            <column name="id" type="bigint" autoIncrement="${autoIncrement}">
                <constraints primaryKey="true" nullable="false"/>
            </column>
            <column name="business_date" type="date">
                <constraints nullable="false" />
            </column>

            <column name="status" type="varchar(255)">
                <constraints nullable="false" />
            </column>

            <column name="start_time" type="timestamp">
                <constraints nullable="false" />
            </column>

            <column name="end_time" type="timestamp">
                <constraints nullable="true" />
            </column>

            <column name="report_config_id" type="bigint">
                <constraints nullable="true" />
            </column>

            <!-- jhipster-needle-liquibase-add-column - JHipster will add columns here, do not remove-->
        </createTable>
        <dropDefaultValue tableName="batch_report_history" columnName="start_time" columnDataType="datetime"/>
        <dropDefaultValue tableName="batch_report_history" columnName="end_time" columnDataType="datetime"/>
        
    </changeSet>
</databaseChangeLog>
