<?xml version="1.0" encoding="utf-8"?>
<databaseChangeLog
    xmlns="http://www.liquibase.org/xml/ns/dbchangelog"
    xmlns:ext="http://www.liquibase.org/xml/ns/dbchangelog-ext"
    xmlns:xsi="http://www.w3.org/2001/XMLSchema-instance"
    xsi:schemaLocation="http://www.liquibase.org/xml/ns/dbchangelog http://www.liquibase.org/xml/ns/dbchangelog/dbchangelog-3.4.xsd
                        http://www.liquibase.org/xml/ns/dbchangelog-ext http://www.liquibase.org/xml/ns/dbchangelog/dbchangelog-ext.xsd">

    <property name="now" value="now()" dbms="h2"/>

    <property name="now" value="GETDATE()" dbms="mssql"/>

    <property name="floatType" value="float4" dbms="postgresql, h2"/>
    <property name="floatType" value="float" dbms="mysql, oracle, mssql"/>

    <!--
        Added the entity SmokeTestResult.
    -->
    <changeSet id="20170409012048-1" author="jhipster">
        <createTable tableName="smoke_test_result">
            <column name="id" type="bigint" autoIncrement="${autoIncrement}">
                <constraints primaryKey="true" nullable="false"/>
            </column>
            <column name="test" type="varchar(255)">
                <constraints nullable="false" />
            </column>

            <column name="result" type="varchar(255)">
                <constraints nullable="false" />
            </column>

            <column name="start_date" type="timestamp">
                <constraints nullable="false" />
            </column>

            <column name="end_date" type="timestamp">
                <constraints nullable="false" />
            </column>

            <column name="mem_footprint" type="bigint">
                <constraints nullable="false" />
            </column>

            <column name="updated_date" type="timestamp">
                <constraints nullable="false" />
            </column>

            <column name="smoke_test_main_id" type="bigint">
                <constraints nullable="true" />
            </column>

            <!-- jhipster-needle-liquibase-add-column - JHipster will add columns here, do not remove-->
        </createTable>
        <dropDefaultValue tableName="smoke_test_result" columnName="start_date" columnDataType="datetime"/>
        <dropDefaultValue tableName="smoke_test_result" columnName="end_date" columnDataType="datetime"/>
        <dropDefaultValue tableName="smoke_test_result" columnName="updated_date" columnDataType="datetime"/>
        
    </changeSet>
</databaseChangeLog>
