<?xml version="1.0" encoding="utf-8"?>
<databaseChangeLog
    xmlns="http://www.liquibase.org/xml/ns/dbchangelog"
    xmlns:xsi="http://www.w3.org/2001/XMLSchema-instance"
    xsi:schemaLocation="http://www.liquibase.org/xml/ns/dbchangelog http://www.liquibase.org/xml/ns/dbchangelog/dbchangelog-3.4.xsd">

    <include file="classpath:config/liquibase/changelog/00000000000000_initial_schema.xml" relativeToChangelogFile="false"/>
    <include file="classpath:config/liquibase/changelog/20170322020624_added_entity_BatchReportHistory.xml" relativeToChangelogFile="false"/>
    <include file="classpath:config/liquibase/changelog/20170322020624_added_entity_ActiveBusinessDate.xml" relativeToChangelogFile="false"/>
    <include file="classpath:config/liquibase/changelog/20170322020624_added_entity_Application.xml" relativeToChangelogFile="false"/>
    <include file="classpath:config/liquibase/changelog/20170322020624_added_entity_ArchiveLocation.xml" relativeToChangelogFile="false"/>
    <include file="classpath:config/liquibase/changelog/20170322020624_added_entity_AutoNotification.xml" relativeToChangelogFile="false"/>
    <include file="classpath:config/liquibase/changelog/20170322020624_added_entity_BatchConfig.xml" relativeToChangelogFile="false"/>
    <include file="classpath:config/liquibase/changelog/20170322020624_added_entity_BatchDistribution.xml" relativeToChangelogFile="false"/>
    <include file="classpath:config/liquibase/changelog/20170322020624_added_entity_BatchJob.xml" relativeToChangelogFile="false"/>
    <include file="classpath:config/liquibase/changelog/20170322020624_added_entity_BatchJobHistory.xml" relativeToChangelogFile="false"/>
    <include file="classpath:config/liquibase/changelog/20170322020624_added_entity_BatchJobHistoryAudit.xml" relativeToChangelogFile="false"/>
    <include file="classpath:config/liquibase/changelog/20170322020624_added_entity_WebService.xml" relativeToChangelogFile="false"/>
    <include file="classpath:config/liquibase/changelog/20170322020624_added_entity_BatchReport.xml" relativeToChangelogFile="false"/>
    <include file="classpath:config/liquibase/changelog/20170322020624_added_entity_BatchReportDetailHistory.xml" relativeToChangelogFile="false"/>
    <include file="classpath:config/liquibase/changelog/20170322020624_added_entity_BatchReportDetailHistoryAudit.xml" relativeToChangelogFile="false"/>
    <include file="classpath:config/liquibase/changelog/20170322020624_added_entity_AppDependency.xml" relativeToChangelogFile="false"/>
    <include file="classpath:config/liquibase/changelog/20170322020624_added_entity_BatchStepProcessor.xml" relativeToChangelogFile="false"/>
    <include file="classpath:config/liquibase/changelog/20170322020624_added_entity_DataQualityCheck.xml" relativeToChangelogFile="false"/>
    <include file="classpath:config/liquibase/changelog/20170322020624_added_entity_WebApplication.xml" relativeToChangelogFile="false"/>
    <include file="classpath:config/liquibase/changelog/20170322020624_added_entity_Distribution.xml" relativeToChangelogFile="false"/>
    <include file="classpath:config/liquibase/changelog/20170322020624_added_entity_LineOfBusiness.xml" relativeToChangelogFile="false"/>
    <include file="classpath:config/liquibase/changelog/20170322020624_added_entity_NotificationRule.xml" relativeToChangelogFile="false"/>
    <include file="classpath:config/liquibase/changelog/20170322020624_added_entity_Product.xml" relativeToChangelogFile="false"/>
    <include file="classpath:config/liquibase/changelog/20170322020624_added_entity_Server.xml" relativeToChangelogFile="false"/>
    <include file="classpath:config/liquibase/changelog/20170322020624_added_entity_SoftwareRelease.xml" relativeToChangelogFile="false"/>
    <include file="classpath:config/liquibase/changelog/20170322020624_added_entity_Team.xml" relativeToChangelogFile="false"/>
    <include file="classpath:config/liquibase/changelog/20170322020624_added_entity_Template.xml" relativeToChangelogFile="false"/>
    <include file="classpath:config/liquibase/changelog/20170322020624_added_entity_WebServiceConsumer.xml" relativeToChangelogFile="false"/>
    <include file="classpath:config/liquibase/changelog/20170322020957_added_entity_DataQualityCheckIssue.xml" relativeToChangelogFile="false"/>
    <include file="classpath:config/liquibase/changelog/20170322020957_added_entity_BatchJobIssue.xml" relativeToChangelogFile="false"/>
    <!-- jhipster-needle-liquibase-add-changelog - JHipster will add liquibase changelogs here -->
    <include file="classpath:config/liquibase/changelog/20170322020624_added_entity_constraints_BatchReportHistory.xml" relativeToChangelogFile="false"/>
    <include file="classpath:config/liquibase/changelog/20170322020624_added_entity_constraints_Application.xml" relativeToChangelogFile="false"/>
    <include file="classpath:config/liquibase/changelog/20170322020624_added_entity_constraints_ArchiveLocation.xml" relativeToChangelogFile="false"/>
    <include file="classpath:config/liquibase/changelog/20170322020624_added_entity_constraints_AutoNotification.xml" relativeToChangelogFile="false"/>
    <include file="classpath:config/liquibase/changelog/20170322020624_added_entity_constraints_BatchConfig.xml" relativeToChangelogFile="false"/>
    <include file="classpath:config/liquibase/changelog/20170322020624_added_entity_constraints_BatchDistribution.xml" relativeToChangelogFile="false"/>
    <include file="classpath:config/liquibase/changelog/20170322020624_added_entity_constraints_BatchJob.xml" relativeToChangelogFile="false"/>
    <include file="classpath:config/liquibase/changelog/20170322020624_added_entity_constraints_BatchJobHistory.xml" relativeToChangelogFile="false"/>
    <include file="classpath:config/liquibase/changelog/20170322020624_added_entity_constraints_BatchJobHistoryAudit.xml" relativeToChangelogFile="false"/>
    <include file="classpath:config/liquibase/changelog/20170322020624_added_entity_constraints_WebService.xml" relativeToChangelogFile="false"/>
    <include file="classpath:config/liquibase/changelog/20170322020624_added_entity_constraints_BatchReport.xml" relativeToChangelogFile="false"/>
    <include file="classpath:config/liquibase/changelog/20170322020624_added_entity_constraints_BatchReportDetailHistory.xml" relativeToChangelogFile="false"/>
    <include file="classpath:config/liquibase/changelog/20170322020624_added_entity_constraints_BatchReportDetailHistoryAudit.xml" relativeToChangelogFile="false"/>
    <include file="classpath:config/liquibase/changelog/20170322020624_added_entity_constraints_AppDependency.xml" relativeToChangelogFile="false"/>
    <include file="classpath:config/liquibase/changelog/20170322020624_added_entity_constraints_BatchStepProcessor.xml" relativeToChangelogFile="false"/>
    <include file="classpath:config/liquibase/changelog/20170322020624_added_entity_constraints_DataQualityCheck.xml" relativeToChangelogFile="false"/>
    <include file="classpath:config/liquibase/changelog/20170322020624_added_entity_constraints_WebApplication.xml" relativeToChangelogFile="false"/>
    <include file="classpath:config/liquibase/changelog/20170322020624_added_entity_constraints_Distribution.xml" relativeToChangelogFile="false"/>
    <include file="classpath:config/liquibase/changelog/20170322020624_added_entity_constraints_LineOfBusiness.xml" relativeToChangelogFile="false"/>
    <include file="classpath:config/liquibase/changelog/20170322020624_added_entity_constraints_Product.xml" relativeToChangelogFile="false"/>
    <include file="classpath:config/liquibase/changelog/20170322020624_added_entity_constraints_Server.xml" relativeToChangelogFile="false"/>
    <include file="classpath:config/liquibase/changelog/20170322020624_added_entity_constraints_SoftwareRelease.xml" relativeToChangelogFile="false"/>
    <include file="classpath:config/liquibase/changelog/20170322020624_added_entity_constraints_Team.xml" relativeToChangelogFile="false"/>
    <include file="classpath:config/liquibase/changelog/20170322020624_added_entity_constraints_Template.xml" relativeToChangelogFile="false"/>
    <include file="classpath:config/liquibase/changelog/20170322020624_added_entity_constraints_WebServiceConsumer.xml" relativeToChangelogFile="false"/>
    <include file="classpath:config/liquibase/changelog/20170322020957_added_entity_constraints_DataQualityCheckIssue.xml" relativeToChangelogFile="false"/>
    <include file="classpath:config/liquibase/changelog/20170322020957_added_entity_constraints_BatchJobIssue.xml" relativeToChangelogFile="false"/>
    <!-- jhipster-needle-liquibase-add-constraints-changelog - JHipster will add liquibase constraints changelogs here -->
</databaseChangeLog>
